﻿<?xml version="1.0" encoding="utf-8" ?>
<Promociones>
  <Promo>
    <Imagen>http://www.kfc.com.pe/adjunto/upload/contenido/imagen/promocion/boxpicantemini.jpg</Imagen>
    <url>www.kfc.com.pe</url>
  </Promo>
  <Promo>
    <Imagen>http://www.chinawok.com.pe/imagenes/deliveries/Delivery-B.png</Imagen>
    <url>www.chinawok.com.pe</url>
  </Promo>
  <Promo>
    <Imagen>http://limadelivery.com/img/resources/menus/412fd27c95b7f75a747075b58a559331.jpg</Imagen>
    <url>limadelivery.com</url>
  </Promo>
</Promociones>
