﻿<?xml version="1.0" encoding="utf-8" ?>
<Promociones>
<Promo>
  <Imagen>http://www.kfc.com.pe/adjunto/upload/contenido/imagen/promocion/nuevopollopicante.jpg</Imagen>
  <url>http://www.kfc.com.pe</url>
</Promo>
<Promo>
  <Imagen>http://www.chinawok.com.pe/imagenes/deliveries/Delivery-F.png</Imagen>
  <url>http://www.chinawok.com.pe</url>
</Promo>
<Promo>
  <Imagen>https://www.pizzahut.com.pe/Imagenes/BOTONERA%20HOME%20OFERTA%20ONLINE%20WEB%204.jpg</Imagen>
  <url>http://limadelivery.com</url>
</Promo>
</Promociones>
